{
  "project_info": {
    "project_number": "362985849782",
    "firebase_url": "https://mobile-recharge-c60c8.firebaseio.com",
    "project_id": "mobile-recharge-c60c8",
    "storage_bucket": "mobile-recharge-c60c8.appspot.com"
  },
  "client": [
    {
      "client_info": {
        "mobilesdk_app_id": "1:362985849782:android:65a2a487f28241fc",
        "android_client_info": {
          "package_name": "com.example.oluwatobiloba.mobilerecharge"
        }
      },
      "oauth_client": [
        {
          "client_id": "362985849782-ues8931s6b5vamsr7fi9kut46e7ci1et.apps.googleusercontent.com",
          "client_type": 1,
          "android_info": {
            "package_name": "com.example.oluwatobiloba.mobilerecharge",
            "certificate_hash": "e80ac70247e4b61bab69835853c293160f1e6cd5"
          }
        },
        {
          "client_id": "362985849782-lomlc49k75kupva31cdego4co55c0r7v.apps.googleusercontent.com",
          "client_type": 3
        }
      ],
      "api_key": [
        {
          "current_key": "AIzaSyApSVjj2utLsnG8AKNfb-YcaQ72DNbU56w"
        }
      ],
      "services": {
        "analytics_service": {
          "status": 1
        },
        "appinvite_service": {
          "status": 2,
          "other_platform_oauth_client": [
            {
              "client_id": "362985849782-lomlc49k75kupva31cdego4co55c0r7v.apps.googleusercontent.com",
              "client_type": 3
            }
          ]
        },
        "ads_service": {
          "status": 2
        }
      }
    }
  ],
  "configuration_version": "1"
}